,count,mean,std,min,25%,50%,75%,max,skewness,kurtosis
SPX,3051.0,0.03271276789685567,1.3927904807588878,-14.233480934578607,-0.6815622706205329,0.09127609348874556,0.7993761705530762,8.754515285959325,-0.6924062932234689,8.95870718652179
Momentum,3051.0,0.05238159798106999,1.255948273716661,-13.199207273445253,-0.4898684029920316,0.11343813723313609,0.6740435515292702,10.116859587667575,-0.5290690442116781,10.848300661675474
Value,3051.0,0.04816051701467554,1.1000579736190823,-10.737895996208875,-0.3854990516710576,0.0717066279394343,0.5764659298509807,9.861131346767264,-0.40330036575317685,12.827805133744949
Quality,3051.0,0.050213456583424,1.0910275598906474,-11.588649014373882,-0.36385097762145846,0.06589651915411851,0.5724242014437948,9.986289771268595,-0.5890894160596549,14.958510307896821
Min_Vol,3051.0,0.04032116014426881,0.8873192105267169,-10.626883848007997,-0.3087544307313854,0.07499486346615773,0.4558202554852283,8.312433257550673,-0.8958115918440727,21.63089082572888
Size,3051.0,0.04066206621026181,1.187436424105146,-13.568100019514318,-0.4871326213039481,0.0434041535051081,0.6437666094242311,9.558943228485038,-0.8655982976969566,16.24265716874722
